Image,BBox,Text,Confidence
image_5.jpg,"[[28.0, 26.0], [388.0, 26.0], [388.0, 200.0], [28.0, 200.0]]",High,0.999770008845333
image_5.jpg,"[[27.0, 162.0], [580.0, 162.0], [580.0, 351.0], [27.0, 351.0]]",Quality,0.9919692377628699
image_5.jpg,"[[35.0, 337.0], [661.0, 337.0], [661.0, 473.0], [35.0, 473.0]]",Pictures,0.9872439738613088
image_5.jpg,"[[78.0, 532.0], [198.0, 532.0], [198.0, 670.0], [78.0, 670.0]]",f,0.9856534916123252
image_7.jpg,"[[35.0, 121.0], [305.0, 121.0], [305.0, 211.0], [35.0, 211.0]]",PFO+,0.12023276090621948
image_7.jpg,"[[381.0, 121.0], [665.0, 121.0], [665.0, 211.0], [381.0, 211.0]]",SHOP,0.9994553923606873
